gid,sitename,mapcode,latitude,longitude,website,description
607,Henry,UW,-89.001,-0.391,ftp://amrc.ssec.wisc.edu/pub/aws/q1h/,"The Antarctic Meteorological Research Center (AMRC) and Automatic Weather Station (AWS) program are United States Antarctic Program (USAP) sister projects focusing on observational Antarctic meteorological research, providing real-time and archived meteorological data and observations, and supporting a network of automatic weather stations in Antarctica. To find out more about the program, data collected, and other products such as satellite imagery and maps, visit https://amrc.ssec.wisc.edu/."
633,Byrd,UW,-80.011,-119.438,ftp://amrc.ssec.wisc.edu/pub/aws/q1h/,"The Antarctic Meteorological Research Center (AMRC) and Automatic Weather Station (AWS) program are United States Antarctic Program (USAP) sister projects focusing on observational Antarctic meteorological research, providing real-time and archived meteorological data and observations, and supporting a network of automatic weather stations in Antarctica. To find out more about the program, data collected, and other products such as satellite imagery and maps, visit https://amrc.ssec.wisc.edu/."
600,Marilyn,UW,-79.913,165.657,ftp://amrc.ssec.wisc.edu/pub/aws/q1h/,"The Antarctic Meteorological Research Center (AMRC) and Automatic Weather Station (AWS) program are United States Antarctic Program (USAP) sister projects focusing on observational Antarctic meteorological research, providing real-time and archived meteorological data and observations, and supporting a network of automatic weather stations in Antarctica. To find out more about the program, data collected, and other products such as satellite imagery and maps, visit https://amrc.ssec.wisc.edu/."
630,Margaret,UW,-79.981,-165.099,ftp://amrc.ssec.wisc.edu/pub/aws/q1h/,"The Antarctic Meteorological Research Center (AMRC) and Automatic Weather Station (AWS) program are United States Antarctic Program (USAP) sister projects focusing on observational Antarctic meteorological research, providing real-time and archived meteorological data and observations, and supporting a network of automatic weather stations in Antarctica. To find out more about the program, data collected, and other products such as satellite imagery and maps, visit https://amrc.ssec.wisc.edu/."
189,Manuela,UW,-74.946,163.687,ftp://amrc.ssec.wisc.edu/pub/aws/q1h/,"The Antarctic Meteorological Research Center (AMRC) and Automatic Weather Station (AWS) program are United States Antarctic Program (USAP) sister projects focusing on observational Antarctic meteorological research, providing real-time and archived meteorological data and observations, and supporting a network of automatic weather stations in Antarctica. To find out more about the program, data collected, and other products such as satellite imagery and maps, visit https://amrc.ssec.wisc.edu/."
440,AGO-4,UW,-82.01,96.76,ftp://amrc.ssec.wisc.edu/pub/aws/q1h/,"The Antarctic Meteorological Research Center (AMRC) and Automatic Weather Station (AWS) program are United States Antarctic Program (USAP) sister projects focusing on observational Antarctic meteorological research, providing real-time and archived meteorological data and observations, and supporting a network of automatic weather stations in Antarctica. To find out more about the program, data collected, and other products such as satellite imagery and maps, visit https://amrc.ssec.wisc.edu/."
441,Sabrina,UW,-84.24662964,-170.0681982,ftp://amrc.ssec.wisc.edu/pub/aws/q1h/,"The Antarctic Meteorological Research Center (AMRC) and Automatic Weather Station (AWS) program are United States Antarctic Program (USAP) sister projects focusing on observational Antarctic meteorological research, providing real-time and archived meteorological data and observations, and supporting a network of automatic weather stations in Antarctica. To find out more about the program, data collected, and other products such as satellite imagery and maps, visit https://amrc.ssec.wisc.edu/."
390,Gill,UW,-79.879,-178.565,ftp://amrc.ssec.wisc.edu/pub/aws/q1h/,"The Antarctic Meteorological Research Center (AMRC) and Automatic Weather Station (AWS) program are United States Antarctic Program (USAP) sister projects focusing on observational Antarctic meteorological research, providing real-time and archived meteorological data and observations, and supporting a network of automatic weather stations in Antarctica. To find out more about the program, data collected, and other products such as satellite imagery and maps, visit https://amrc.ssec.wisc.edu/."
678,D-10,UW/France,-66.705,139.841,ftp://amrc.ssec.wisc.edu/pub/aws/q1h/,"The Antarctic Meteorological Research Center (AMRC) and Automatic Weather Station (AWS) program are United States Antarctic Program (USAP) sister projects focusing on observational Antarctic meteorological research, providing real-time and archived meteorological data and observations, and supporting a network of automatic weather stations in Antarctica. To find out more about the program, data collected, and other products such as satellite imagery and maps, visit https://amrc.ssec.wisc.edu/."
475,Cape Poinsett,Australia,-65.867,113.066944,https://data.aad.gov.au/aadc/aws/index.cfm,"The Australian Antarctic Division has been deploying Automatic Weather Stations in remote Antarctic sites since October 1984. This generation of weather stations are developed as a joint venture between the Australian Antarctic Division and local Tasmanian company, Climetrics."
477,Casey Skiway,Australia,-66.2861,110.7633,https://data.aad.gov.au/aadc/aws/index.cfm,"The Australian Antarctic Division has been deploying Automatic Weather Stations in remote Antarctic sites since October 1984. This generation of weather stations are developed as a joint venture between the Australian Antarctic Division and local Tasmanian company, Climetrics."
501,Haupt Nunataks,Australia,-66.5819,110.693889,https://data.aad.gov.au/aadc/aws/index.cfm,"The Australian Antarctic Division has been deploying Automatic Weather Stations in remote Antarctic sites since October 1984. This generation of weather stations are developed as a joint venture between the Australian Antarctic Division and local Tasmanian company, Climetrics."
506,Law Dome-A,Australia,-66.853279,112.744444,https://data.aad.gov.au/aadc/aws/index.cfm,"The Australian Antarctic Division has been deploying Automatic Weather Stations in remote Antarctic sites since October 1984. This generation of weather stations are developed as a joint venture between the Australian Antarctic Division and local Tasmanian company, Climetrics."
507,Law Dome Summit,Australia,-66.7296,112.8348,https://data.aad.gov.au/aadc/aws/index.cfm,"The Australian Antarctic Division has been deploying Automatic Weather Stations in remote Antarctic sites since October 1984. This generation of weather stations are developed as a joint venture between the Australian Antarctic Division and local Tasmanian company, Climetrics."
519,Mount Brown,Australia,-69.1313,85.9992,https://data.aad.gov.au/aadc/aws/index.cfm,"The Australian Antarctic Division has been deploying Automatic Weather Stations in remote Antarctic sites since October 1984. This generation of weather stations are developed as a joint venture between the Australian Antarctic Division and local Tasmanian company, Climetrics."
531,Snyder Rocks,Australia,-66.55,107.75,https://data.aad.gov.au/aadc/aws/index.cfm,"The Australian Antarctic Division has been deploying Automatic Weather Stations in remote Antarctic sites since October 1984. This generation of weather stations are developed as a joint venture between the Australian Antarctic Division and local Tasmanian company, Climetrics."
539,Whoop Whoop,Australia,-68.4692,78.8342,https://data.aad.gov.au/aadc/aws/index.cfm,"The Australian Antarctic Division has been deploying Automatic Weather Stations in remote Antarctic sites since October 1984. This generation of weather stations are developed as a joint venture between the Australian Antarctic Division and local Tasmanian company, Climetrics."
540,Wilkins Runway - East ICAO,Australia,-66.6831,111.5317,https://data.aad.gov.au/aadc/aws/index.cfm,"The Australian Antarctic Division has been deploying Automatic Weather Stations in remote Antarctic sites since October 1984. This generation of weather stations are developed as a joint venture between the Australian Antarctic Division and local Tasmanian company, Climetrics."
541,Wilkins Runway - West 4m,Australia,-66.6931,111.5039,https://data.aad.gov.au/aadc/aws/index.cfm,"The Australian Antarctic Division has been deploying Automatic Weather Stations in remote Antarctic sites since October 1984. This generation of weather stations are developed as a joint venture between the Australian Antarctic Division and local Tasmanian company, Climetrics."
649,Princess Elizabeth Station,Belgium/Netherlands,-71.95,23.33333,http://www.antarcticstation.org/,This AWS is installed next to the topographic survey in Antarctica by the surveying team; it also has a satellite link to collect precise meteorological data on the selected area.
536,Utsteinen,Belgium/Netherlands,-71.95,23.35,http://homepages.ulb.ac.be/~fpattyn/belgianbase/welcome.html,"The AWS measures meteorological parameters, such as air temperature, wind speed and direction, atmospheric pressure, and sunshine duration. Apart from air temperature that is measured at an elevation of 1.5 m above the surface, all other measurements are made at 4 m above the rock surface. Measurements are done at 10 minute intervals and transmitted via an Argos satellite transmitter to Toulouse (France), from where data is send to Brussels."
470,Biscoe Islands,Brazil,-66.133,-66,https://www.mar.mil.br/secirm/portugues/proantar.html,"The Brazilian Antarctic Program, PROANTAR, is a program of the Brazilian Navy which has presence in the continent of Antarctica. It coordinates research and the operational support for research in the region. The program was officially created in January 1982."
504,Joinville Is,Brazil,-63.183,-55.4,https://www.mar.mil.br/secirm/portugues/proantar.html,"The Brazilian Antarctic Program, PROANTAR, is a program of the Brazilian Navy which has presence in the continent of Antarctica. It coordinates research and the operational support for research in the region. The program was officially created in January 1982."
578,China,China,-74.916667,163.7,http://www.chinare.org.cn/en/difSearchGroupByDiscipline/,"The Chinese Arctic and Antarctic Administration (CAA) is a Beijing-based agency of the China's State Oceanic Administration (SOA). Established in 1981, it organizes China's scientific program for both the Arctic and Antarctic, and it provides logistic support to Antarctic expeditions. The director is Qu Tanzhou. For more information on Chinese Antarctica stations, such as Zhongshan and Kunlun Stations, and the weather graphs of the Chinese AWS, visit http://www.chinare.gov.cn/en/index.html?pid=stations and http://polar.chinare.cn/meteo/."
487,Dome A,China/Australia,-80.3675,77.3738,http://www.chinare.org.cn/en/difSearchGroupByDiscipline/,"The Chinese Arctic and Antarctic Administration (CAA) is a Beijing-based agency of the China's State Oceanic Administration (SOA). Established in 1981, it organizes China's scientific program for both the Arctic and Antarctic, and it provides logistic support to Antarctic expeditions. The director is Qu Tanzhou. For more information on Chinese Antarctica stations, such as Zhongshan and Kunlun Stations, and the weather graphs of the Chinese AWS, visit http://www.chinare.gov.cn/en/index.html?pid=stations and http://polar.chinare.cn/meteo/."
490,Eagle,China/Australia,-76.418,77.03,http://www.chinare.org.cn/en/difSearchGroupByDiscipline/,"The Chinese Arctic and Antarctic Administration (CAA) is a Beijing-based agency of the China's State Oceanic Administration (SOA). Established in 1981, it organizes China's scientific program for both the Arctic and Antarctic, and it provides logistic support to Antarctic expeditions. The director is Qu Tanzhou. For more information on Chinese Antarctica stations, such as Zhongshan and Kunlun Stations, and the weather graphs of the Chinese AWS, visit http://www.chinare.gov.cn/en/index.html?pid=stations and http://polar.chinare.cn/meteo/."
522,PANDA-North,China/Australia,-73.683333,76.966667,http://www.chinare.org.cn/en/difSearchGroupByDiscipline/,"The Chinese Arctic and Antarctic Administration (CAA) is a Beijing-based agency of the China's State Oceanic Administration (SOA). Established in 1981, it organizes China's scientific program for both the Arctic and Antarctic, and it provides logistic support to Antarctic expeditions. The director is Qu Tanzhou. For more information on Chinese Antarctica stations, such as Zhongshan and Kunlun Stations, and the weather graphs of the Chinese AWS, visit http://www.chinare.gov.cn/en/index.html?pid=stations and http://polar.chinare.cn/meteo/."
534,Thiel Mountains,Commercial,-82.25,-87.883333,no link available:(,Information is coming.
535,Union Glacier,Commercial,-79.766666,-83.266666,no link available:(,Information is coming.
570,Camp Maudheimvida,Finland,-73.105278,-13.164722,http://www.antarctica.gov.au/,
581,Nordenskiold,Finland,-73.05,-13.383333,http://www.antarctica.gov.au/,
480,D-0,France,-66.688056,139.908611,http://www.institut-polaire.fr/language/en/,
482,D-17,France,-66.73,139.7,http://www.institut-polaire.fr/language/en/,
482,D-17 (FRA),France,-66.73,139.7,http://www.institut-polaire.fr/language/en/,
483,D-3,France,-66.695,139.915,http://www.institut-polaire.fr/language/en/,
485,DC-N,France,-74.879722,123.413333,http://www.institut-polaire.fr/language/en/,
269,Dome C (FRA),France,-74.102778,123.345555,http://www.institut-polaire.fr/language/en/,
259,Filchner,Germany,-80.43681,-44.43199,http://www.awi.de/en.html,
260,Soerasen,Germany,-71.21625,-10.06716,http://www.awi.de/en.html,
459,Alessandra,Italy,-73.58,166.62,http://www.pnra.it/it,"In 1985, the Italian National Antarctic Research Program (PNRA) was set up, thanks to Law 284 approved by Paliament. Following the enactment of Law 2284, ten scientific expeditions were completed and a permanent station was set up at Terra Nova Bay, on the western coast of the Ross Sea. During the first expedition, an Automatic Weather Station was set up nearby the base. To find more about the Italian stations, visit http://www.wmo.int/pages/prog/www/Antarctica/Ant-cat-Italy.html."
461,Arelis,Italy,-76.72,162.97,http://www.pnra.it/it,"In 1985, the Italian National Antarctic Research Program (PNRA) was set up, thanks to Law 284 approved by Paliament. Following the enactment of Law 2284, ten scientific expeditions were completed and a permanent station was set up at Terra Nova Bay, on the western coast of the Ross Sea. During the first expedition, an Automatic Weather Station was set up nearby the base. To find more about the Italian stations, visit http://www.wmo.int/pages/prog/www/Antarctica/Ant-cat-Italy.html."
478,Concordia,Italy,-75.1,123.4,http://www.pnra.it/it,"In 1985, the Italian National Antarctic Research Program (PNRA) was set up, thanks to Law 284 approved by Paliament. Following the enactment of Law 2284, ten scientific expeditions were completed and a permanent station was set up at Terra Nova Bay, on the western coast of the Ross Sea. During the first expedition, an Automatic Weather Station was set up nearby the base. To find more about the Italian stations, visit http://www.wmo.int/pages/prog/www/Antarctica/Ant-cat-Italy.html."
491,Eneide,Italy,-74.7,164.1,http://www.pnra.it/it,"In 1985, the Italian National Antarctic Research Program (PNRA) was set up, thanks to Law 284 approved by Paliament. Following the enactment of Law 2284, ten scientific expeditions were completed and a permanent station was set up at Terra Nova Bay, on the western coast of the Ross Sea. During the first expedition, an Automatic Weather Station was set up nearby the base. To find more about the Italian stations, visit http://www.wmo.int/pages/prog/www/Antarctica/Ant-cat-Italy.html."
498,Giulia,Italy,-75.55,145.83,http://www.pnra.it/it,"In 1985, the Italian National Antarctic Research Program (PNRA) was set up, thanks to Law 284 approved by Paliament. Following the enactment of Law 2284, ten scientific expeditions were completed and a permanent station was set up at Terra Nova Bay, on the western coast of the Ross Sea. During the first expedition, an Automatic Weather Station was set up nearby the base. To find more about the Italian stations, visit http://www.wmo.int/pages/prog/www/Antarctica/Ant-cat-Italy.html."
502,Irene,Italy,-71.63,148.67,http://www.pnra.it/it,"In 1985, the Italian National Antarctic Research Program (PNRA) was set up, thanks to Law 284 approved by Paliament. Following the enactment of Law 2284, ten scientific expeditions were completed and a permanent station was set up at Terra Nova Bay, on the western coast of the Ross Sea. During the first expedition, an Automatic Weather Station was set up nearby the base. To find more about the Italian stations, visit http://www.wmo.int/pages/prog/www/Antarctica/Ant-cat-Italy.html."
511,Lola,Italy,-74.13,163.43,http://www.pnra.it/it,"In 1985, the Italian National Antarctic Research Program (PNRA) was set up, thanks to Law 284 approved by Paliament. Following the enactment of Law 2284, ten scientific expeditions were completed and a permanent station was set up at Terra Nova Bay, on the western coast of the Ross Sea. During the first expedition, an Automatic Weather Station was set up nearby the base. To find more about the Italian stations, visit http://www.wmo.int/pages/prog/www/Antarctica/Ant-cat-Italy.html."
558,Lucia,Italy,-74.950472,161.770694,http://www.pnra.it/it,"In 1985, the Italian National Antarctic Research Program (PNRA) was set up, thanks to Law 284 approved by Paliament. Following the enactment of Law 2284, ten scientific expeditions were completed and a permanent station was set up at Terra Nova Bay, on the western coast of the Ross Sea. During the first expedition, an Automatic Weather Station was set up nearby the base. To find more about the Italian stations, visit http://www.wmo.int/pages/prog/www/Antarctica/Ant-cat-Italy.html."
567,Maria,Italy,-74.6262936,164.010992,http://www.pnra.it/it,"In 1985, the Italian National Antarctic Research Program (PNRA) was set up, thanks to Law 284 approved by Paliament. Following the enactment of Law 2284, ten scientific expeditions were completed and a permanent station was set up at Terra Nova Bay, on the western coast of the Ross Sea. During the first expedition, an Automatic Weather Station was set up nearby the base. To find more about the Italian stations, visit http://www.wmo.int/pages/prog/www/Antarctica/Ant-cat-Italy.html."
517,Modesta,Italy,-73.63,160.65,http://www.pnra.it/it,"In 1985, the Italian National Antarctic Research Program (PNRA) was set up, thanks to Law 284 approved by Paliament. Following the enactment of Law 2284, ten scientific expeditions were completed and a permanent station was set up at Terra Nova Bay, on the western coast of the Ross Sea. During the first expedition, an Automatic Weather Station was set up nearby the base. To find more about the Italian stations, visit http://www.wmo.int/pages/prog/www/Antarctica/Ant-cat-Italy.html."
559,Paola,Italy,-72.766944,159.0389,http://www.pnra.it/it,"In 1985, the Italian National Antarctic Research Program (PNRA) was set up, thanks to Law 284 approved by Paliament. Following the enactment of Law 2284, ten scientific expeditions were completed and a permanent station was set up at Terra Nova Bay, on the western coast of the Ross Sea. During the first expedition, an Automatic Weather Station was set up nearby the base. To find more about the Italian stations, visit http://www.wmo.int/pages/prog/www/Antarctica/Ant-cat-Italy.html."
557,Penguin,Italy,-74.3333,165.1333,http://www.pnra.it/it,"In 1985, the Italian National Antarctic Research Program (PNRA) was set up, thanks to Law 284 approved by Paliament. Following the enactment of Law 2284, ten scientific expeditions were completed and a permanent station was set up at Terra Nova Bay, on the western coast of the Ross Sea. During the first expedition, an Automatic Weather Station was set up nearby the base. To find more about the Italian stations, visit http://www.wmo.int/pages/prog/www/Antarctica/Ant-cat-Italy.html."
525,Rita,Italy,-74.72,164.03,http://www.pnra.it/it,"In 1985, the Italian National Antarctic Research Program (PNRA) was set up, thanks to Law 284 approved by Paliament. Following the enactment of Law 2284, ten scientific expeditions were completed and a permanent station was set up at Terra Nova Bay, on the western coast of the Ross Sea. During the first expedition, an Automatic Weather Station was set up nearby the base. To find more about the Italian stations, visit http://www.wmo.int/pages/prog/www/Antarctica/Ant-cat-Italy.html."
529,Silvia,Italy,-73.05,169.6,http://www.pnra.it/it,"In 1985, the Italian National Antarctic Research Program (PNRA) was set up, thanks to Law 284 approved by Paliament. Following the enactment of Law 2284, ten scientific expeditions were completed and a permanent station was set up at Terra Nova Bay, on the western coast of the Ross Sea. During the first expedition, an Automatic Weather Station was set up nearby the base. To find more about the Italian stations, visit http://www.wmo.int/pages/prog/www/Antarctica/Ant-cat-Italy.html."
532,Sofia-B,Italy,-73.58,158.32,http://www.pnra.it/it,"In 1985, the Italian National Antarctic Research Program (PNRA) was set up, thanks to Law 284 approved by Paliament. Following the enactment of Law 2284, ten scientific expeditions were completed and a permanent station was set up at Terra Nova Bay, on the western coast of the Ross Sea. During the first expedition, an Automatic Weather Station was set up nearby the base. To find more about the Italian stations, visit http://www.wmo.int/pages/prog/www/Antarctica/Ant-cat-Italy.html."
655,Virginia,Italy,-74.93416667,163.7322222,http://www.pnra.it/it,"In 1985, the Italian National Antarctic Research Program (PNRA) was set up, thanks to Law 284 approved by Paliament. Following the enactment of Law 2284, ten scientific expeditions were completed and a permanent station was set up at Terra Nova Bay, on the western coast of the Ross Sea. During the first expedition, an Automatic Weather Station was set up nearby the base. To find more about the Italian stations, visit http://www.wmo.int/pages/prog/www/Antarctica/Ant-cat-Italy.html."
542,Zoraida,Italy,-74.25,163.17,http://www.pnra.it/it,"In 1985, the Italian National Antarctic Research Program (PNRA) was set up, thanks to Law 284 approved by Paliament. Following the enactment of Law 2284, ten scientific expeditions were completed and a permanent station was set up at Terra Nova Bay, on the western coast of the Ross Sea. During the first expedition, an Automatic Weather Station was set up nearby the base. To find more about the Italian stations, visit http://www.wmo.int/pages/prog/www/Antarctica/Ant-cat-Italy.html."
489,Dome Fuji (JPN),Japan,-77.316666,39.703056,http://www.nipr.ac.jp/,
463,AWS 14,Netherlands,-67.021,-61.5,https://www.projects.science.uu.nl/iceclimate/aws/antarctica.php,"The Institute for Marine and Atmospheric Research, Utrecht University (UU/IMAU), has deployed several automatic weather stations (AWS) on glaciers, ice caps and ice sheets, since 1994. These AWS are deployed on different glaciers around the world, in different climate regimes.å÷"
465,AWS 17,Netherlands,-65.9321,-61.8471,https://www.projects.science.uu.nl/iceclimate/aws/antarctica.php,"The Institute for Marine and Atmospheric Research, Utrecht University (UU/IMAU), has deployed several automatic weather stations (AWS) on glaciers, ice caps and ice sheets, since 1994. These AWS are deployed on different glaciers around the world, in different climate regimes.å÷"
446,AWS 18,Netherlands,-66.4,-63.73333,https://www.projects.science.uu.nl/iceclimate/aws/antarctica.php,"The Institute for Marine and Atmospheric Research, Utrecht University (UU/IMAU), has deployed several automatic weather stations (AWS) on glaciers, ice caps and ice sheets, since 1994. These AWS are deployed on different glaciers around the world, in different climate regimes.å÷"
500,Halvfarryggen,Netherlands,-71.160278,-6.69861,https://www.projects.science.uu.nl/iceclimate/aws/antarctica.php,"The Institute for Marine and Atmospheric Research, Utrecht University (UU/IMAU), has deployed several automatic weather stations (AWS) on glaciers, ice caps and ice sheets, since 1994. These AWS are deployed on different glaciers around the world, in different climate regimes.å÷"
146,Kohnen Base,Netherlands,-75.002,-0.007,https://www.projects.science.uu.nl/iceclimate/aws/antarctica.php,"The Institute for Marine and Atmospheric Research, Utrecht University (UU/IMAU), has deployed several automatic weather stations (AWS) on glaciers, ice caps and ice sheets, since 1994. These AWS are deployed on different glaciers around the world, in different climate regimes.å÷"
471,Bratina Island,New Zealand,-78.016367,165.54975,http://www.antarcticanz.govt.nz/,"Antarctica New Zealand_s Technicians operate and maintain the experiments in this facility for the whole year for the owners of the experiments. NIWA operate air sampling, automatic weather station, Dobson (Ozone) spectrometers and several other types of spectrometers at this facility measuring upper atmospheric chemistry using the sun."
472,Bull Pass,New Zealand,-77.31,161.51,http://www.antarcticanz.govt.nz/,"Antarctica New Zealand_s Technicians operate and maintain the experiments in this facility for the whole year for the owners of the experiments. NIWA operate air sampling, automatic weather station, Dobson (Ozone) spectrometers and several other types of spectrometers at this facility measuring upper atmospheric chemistry using the sun."
484,Darwin Glacier - Central Valley,New Zealand,-79.84,159.32,http://www.antarcticanz.govt.nz/,"Antarctica New Zealand_s Technicians operate and maintain the experiments in this facility for the whole year for the owners of the experiments. NIWA operate air sampling, automatic weather station, Dobson (Ozone) spectrometers and several other types of spectrometers at this facility measuring upper atmospheric chemistry using the sun."
492,Evans Piedmont Glacier,New Zealand,-76.725542,162.588381,http://www.antarcticanz.govt.nz/,"Antarctica New Zealand_s Technicians operate and maintain the experiments in this facility for the whole year for the owners of the experiments. NIWA operate air sampling, automatic weather station, Dobson (Ozone) spectrometers and several other types of spectrometers at this facility measuring upper atmospheric chemistry using the sun."
497,Garwood Valley,New Zealand,-78.02305,163.896667,http://www.antarcticanz.govt.nz/,"Antarctica New Zealand_s Technicians operate and maintain the experiments in this facility for the whole year for the owners of the experiments. NIWA operate air sampling, automatic weather station, Dobson (Ozone) spectrometers and several other types of spectrometers at this facility measuring upper atmospheric chemistry using the sun."
499,Granite Harbour,New Zealand,-77.02,162.52,http://www.antarcticanz.govt.nz/,"Antarctica New Zealand_s Technicians operate and maintain the experiments in this facility for the whole year for the owners of the experiments. NIWA operate air sampling, automatic weather station, Dobson (Ozone) spectrometers and several other types of spectrometers at this facility measuring upper atmospheric chemistry using the sun."
512,Marble Point (NZL),New Zealand,-77.41,163.67,http://www.antarcticanz.govt.nz/,"Antarctica New Zealand_s Technicians operate and maintain the experiments in this facility for the whole year for the owners of the experiments. NIWA operate air sampling, automatic weather station, Dobson (Ozone) spectrometers and several other types of spectrometers at this facility measuring upper atmospheric chemistry using the sun."
515,Miers Valley,New Zealand,-78.0944,163.799683,http://www.antarcticanz.govt.nz/,"Antarctica New Zealand_s Technicians operate and maintain the experiments in this facility for the whole year for the owners of the experiments. NIWA operate air sampling, automatic weather station, Dobson (Ozone) spectrometers and several other types of spectrometers at this facility measuring upper atmospheric chemistry using the sun."
516,Minna Bluff (NZL),New Zealand,-78.51,166.77,http://www.antarcticanz.govt.nz/,"Antarctica New Zealand_s Technicians operate and maintain the experiments in this facility for the whole year for the owners of the experiments. NIWA operate air sampling, automatic weather station, Dobson (Ozone) spectrometers and several other types of spectrometers at this facility measuring upper atmospheric chemistry using the sun."
520,Mount Fleming (NZL),New Zealand,-77.32,160.17,http://www.antarcticanz.govt.nz/,"Antarctica New Zealand_s Technicians operate and maintain the experiments in this facility for the whole year for the owners of the experiments. NIWA operate air sampling, automatic weather station, Dobson (Ozone) spectrometers and several other types of spectrometers at this facility measuring upper atmospheric chemistry using the sun."
530,Skinner Saddle,New Zealand,-80.93185,159.503211,http://www.antarcticanz.govt.nz/,"Antarctica New Zealand_s Technicians operate and maintain the experiments in this facility for the whole year for the owners of the experiments. NIWA operate air sampling, automatic weather station, Dobson (Ozone) spectrometers and several other types of spectrometers at this facility measuring upper atmospheric chemistry using the sun."
537,Victoria Lower Glacier,New Zealand,-77.330086,162.532025,http://www.antarcticanz.govt.nz/,"Antarctica New Zealand_s Technicians operate and maintain the experiments in this facility for the whole year for the owners of the experiments. NIWA operate air sampling, automatic weather station, Dobson (Ozone) spectrometers and several other types of spectrometers at this facility measuring upper atmospheric chemistry using the sun."
538,Victoria Valley,New Zealand,-77.19,161.36,http://www.antarcticanz.govt.nz/,"Antarctica New Zealand_s Technicians operate and maintain the experiments in this facility for the whole year for the owners of the experiments. NIWA operate air sampling, automatic weather station, Dobson (Ozone) spectrometers and several other types of spectrometers at this facility measuring upper atmospheric chemistry using the sun."
582,Troll,Norway,-72.016667,2.5333333,http://www.npolar.no/en/,"Troll is constructed on the snow-free slope of solid rock breaking through the ice sheet at Jutulsessen, located 1,275 meters (4,183 ft) above mean sea level. The station opened as a summer-only station in 1990 and was taken into use as an all-year station in 2005. The Norwegian Institute for Air Research (NILU) maintains air and atmospheric measurement equipment at Troll."
548,Amsler Island,Other US program,-64.766667,-64.066667,no link available:(,UW Soil Science
462,AWS 1,Other US program,-68.143,-63.957,no link available:(,Information is coming.
549,Cierva Cove,Other US program,-64.15,-60.95,no link available:(,Information is coming.
,Bonney ,Other US program,-77.7144,162.4642,no link available:(,Information is coming.
,Brownworth,Other US program,-77.4335,162.7036,no link available:(,Information is coming.
,Canada Glacier,Other US program,-77.6127,162.9635,no link available:(,Information is coming.
,Commonwealth Glacier,Other US program,-77.5637,163.2801,no link available:(,Information is coming.
,Explorers Cove,Other US program,-77.5887,163.4175,no link available:(,Information is coming.
,Mt Fleming,Other US program,-77.5326,160.2711,no link available:(,Information is coming.
,Fryxell,Other US program,-77.6109,163.1696,no link available:(,Information is coming.
,Friis,Other US program,-77.7474,161.5162,no link available:(,Information is coming.
,Hoare,Other US program,,,no link available:(,Information is coming.
,Howard,Other US program,-77.6715,163.0791,no link available:(,Information is coming.
,Miers,Other US program,-78.101133,163.78765,no link available:(,Information is coming.
,Taylor Glacier,Other US program,-77.7402,162.1284,no link available:(,Information is coming.
,Vanda,Other US program,-77.52567,161.69129,no link available:(,Information is coming.
,Vida,Other US program,-77.3778,161.8006,no link available:(,Information is coming.
422,Druznaya-4,Russia,-69.7333,72.7,http://www.aari.ru/,"This station is the fourth former Soviet base in Antarctica bearing this name. The first of these (Druzhnaya 1) opened at 1975 and 1986. The station was opened in January 1987. It was used to provide logistical support for the station Soyuz operating in the mountains of Prince Charles , as well as assistance for wintering at polar station Progress ."
508,Leningradskaya,Russia,-69.5,159.38,http://www.aari.ru/,"Leningradskaya stationå÷was aå÷Sovietå÷Antarctic research station, located in the northern shore ofå÷Victoria Land, at theå÷Oates Coast. It was opened on February 25, 1971 by the members of the 15thå÷Soviet Antarctic Expedition. It closed in 1991, but during its lifetime was host to studies ofå÷meteorology, Earthå÷magnetism,å÷oceanologyå÷andå÷glaciology."
518,Molodeznya,Russia,-67.6717,45.3833,http://www.aari.ru/,"Molodyozhnaya was a Soviet, then Russian research station in East Antarctica at 67åÝ40_S 45åÝ50_E. After being mothballed in 1990, it was reopened in 2006 to operate on a seasonal basis. The station is sometimes referred to as the capital of Antarctica."
527,Russkaya,Russia,-74.7667,-136.8667,http://www.aari.ru/,"The Russkaya Station was a former Soviet and Russian Antarctic research station that was located on the Ruppert Coast, in Marie Byrd Land in Western Antarctica. The station was proposed in 1973 and approved in 1978. "
503,Jang Bogo,South Korea,-74.7,164.1,https://eng.kopri.re.kr/home_e/contents/e_3310000/view.cms,In 2006 the Korean government announced a plan to build a new research station in the Antarctic in order to enhance scientific capabilities of Korea and promote collaboration for the development of Antarctic sciences.
510,Lindsey Island,South Korea,-73.601,-103.021,http://www.kopri.re.kr/exclude/userIndex/engIndex.do,The Korea Polar Research Institute that was launched in a small research laboratory in 1987 has realized a great deal of qualitative and quantitative achievements since its affiliation in 2004.å÷
469,Biesiada Crevasse,SPAWAR,-77.9067,169.2527,http://www.public.navy.mil/spawar/Pages/default.aspx,"The U.S. Navy (SPAWAR Systems Center Atlantic, Polar Programs IPT) Provides weather forecasting, air traffic control, base operations, systems maintenance, systems engineering, and information security services."
476,Cape Royds,SPAWAR,-77.5448,166.227,http://www.public.navy.mil/spawar/Pages/default.aspx,"The U.S. Navy (SPAWAR Systems Center Atlantic, Polar Programs IPT) Provides weather forecasting, air traffic control, base operations, systems maintenance, systems engineering, and information security services."
45,Cape Spencer,SPAWAR,-77.967,167.531,http://www.public.navy.mil/spawar/Pages/default.aspx,"The U.S. Navy (SPAWAR Systems Center Atlantic, Polar Programs IPT) Provides weather forecasting, air traffic control, base operations, systems maintenance, systems engineering, and information security services."
479,Cones,SPAWAR,-77.535,167.086,http://www.public.navy.mil/spawar/Pages/default.aspx,"The U.S. Navy (SPAWAR Systems Center Atlantic, Polar Programs IPT) Provides weather forecasting, air traffic control, base operations, systems maintenance, systems engineering, and information security services."
493,Ferrar,SPAWAR,-77.7062,163.9028,http://www.public.navy.mil/spawar/Pages/default.aspx,"The U.S. Navy (SPAWAR Systems Center Atlantic, Polar Programs IPT) Provides weather forecasting, air traffic control, base operations, systems maintenance, systems engineering, and information security services."
496,Ford Rock,SPAWAR,-77.7619,166.899,http://www.public.navy.mil/spawar/Pages/default.aspx,"The U.S. Navy (SPAWAR Systems Center Atlantic, Polar Programs IPT) Provides weather forecasting, air traffic control, base operations, systems maintenance, systems engineering, and information security services."
130,Herbie Alley,SPAWAR,-78.0906,166.6808,http://www.public.navy.mil/spawar/Pages/default.aspx,"The U.S. Navy (SPAWAR Systems Center Atlantic, Polar Programs IPT) Provides weather forecasting, air traffic control, base operations, systems maintenance, systems engineering, and information security services."
505,Jules,SPAWAR,-77.8754,165.2994,http://www.public.navy.mil/spawar/Pages/default.aspx,"The U.S. Navy (SPAWAR Systems Center Atlantic, Polar Programs IPT) Provides weather forecasting, air traffic control, base operations, systems maintenance, systems engineering, and information security services."
513,Marble Point (SPAWAR),SPAWAR,-77.3667,163.3667,http://www.public.navy.mil/spawar/Pages/default.aspx,"The U.S. Navy (SPAWAR Systems Center Atlantic, Polar Programs IPT) Provides weather forecasting, air traffic control, base operations, systems maintenance, systems engineering, and information security services."
521,N Crevasse,SPAWAR,-77.8621,168.133,http://www.public.navy.mil/spawar/Pages/default.aspx,"The U.S. Navy (SPAWAR Systems Center Atlantic, Polar Programs IPT) Provides weather forecasting, air traffic control, base operations, systems maintenance, systems engineering, and information security services."
533,Tent Is,SPAWAR,-77.6851,166.3803,http://www.public.navy.mil/spawar/Pages/default.aspx,"The U.S. Navy (SPAWAR Systems Center Atlantic, Polar Programs IPT) Provides weather forecasting, air traffic control, base operations, systems maintenance, systems engineering, and information security services."
325,White Island S,SPAWAR,-78.1241,168.3199,http://www.public.navy.mil/spawar/Pages/default.aspx,"The U.S. Navy (SPAWAR Systems Center Atlantic, Polar Programs IPT) Provides weather forecasting, air traffic control, base operations, systems maintenance, systems engineering, and information security services."
327,White Out,SPAWAR,-77.8478,167.1468,http://www.public.navy.mil/spawar/Pages/default.aspx,"The U.S. Navy (SPAWAR Systems Center Atlantic, Polar Programs IPT) Provides weather forecasting, air traffic control, base operations, systems maintenance, systems engineering, and information security services."
587,Butler Island,United Kingdom,-72.2062667,-60.16975,https://www.bas.ac.uk/project/meteorology-and-ozone-monitoring/#data,"Surface temperature, humidity, sunshine, pressure, wind speed and direction are largely measured by automated instruments but an observer is needed to estimate the visibility and the amount, type and height of clouds, although automatic instruments are being introduced. All the observations are expressed in a numeric code and sent via geostationary satellites to meteorological centres. "
586,Fossil Bluff,United Kingdom,-71.3293333,-68.267,https://www.bas.ac.uk/project/meteorology-and-ozone-monitoring/#data,"Surface temperature, humidity, sunshine, pressure, wind speed and direction are largely measured by automated instruments but an observer is needed to estimate the visibility and the amount, type and height of clouds, although automatic instruments are being introduced. All the observations are expressed in a numeric code and sent via geostationary satellites to meteorological centres. "
591,Halley V,United Kingdom,-75.58422,-26.78815,https://www.bas.ac.uk/project/meteorology-and-ozone-monitoring/#data,"Surface temperature, humidity, sunshine, pressure, wind speed and direction are largely measured by automated instruments but an observer is needed to estimate the visibility and the amount, type and height of clouds, although automatic instruments are being introduced. All the observations are expressed in a numeric code and sent via geostationary satellites to meteorological centres. "
583,Korff Ice Rise,United Kingdom,-78.7186333,-68.4372833,https://www.bas.ac.uk/project/meteorology-and-ozone-monitoring/#data,"Surface temperature, humidity, sunshine, pressure, wind speed and direction are largely measured by automated instruments but an observer is needed to estimate the visibility and the amount, type and height of clouds, although automatic instruments are being introduced. All the observations are expressed in a numeric code and sent via geostationary satellites to meteorological centres. "
585,Larsen Ice Shelf,United Kingdom,-67.0133,-61.4588333,https://www.bas.ac.uk/project/meteorology-and-ozone-monitoring/#data,"Surface temperature, humidity, sunshine, pressure, wind speed and direction are largely measured by automated instruments but an observer is needed to estimate the visibility and the amount, type and height of clouds, although automatic instruments are being introduced. All the observations are expressed in a numeric code and sent via geostationary satellites to meteorological centres. "
572,Limbert,United Kingdom,-75.91417,-59.26433,https://www.bas.ac.uk/project/meteorology-and-ozone-monitoring/#data,"Surface temperature, humidity, sunshine, pressure, wind speed and direction are largely measured by automated instruments but an observer is needed to estimate the visibility and the amount, type and height of clouds, although automatic instruments are being introduced. All the observations are expressed in a numeric code and sent via geostationary satellites to meteorological centres. "
589,Site 8,United Kingdom,-75.8208,-58.9669333,https://www.bas.ac.uk/project/meteorology-and-ozone-monitoring/#data,"Surface temperature, humidity, sunshine, pressure, wind speed and direction are largely measured by automated instruments but an observer is needed to estimate the visibility and the amount, type and height of clouds, although automatic instruments are being introduced. All the observations are expressed in a numeric code and sent via geostationary satellites to meteorological centres. "
588,Sky-Blu,United Kingdom,-74.7922667,-71.4898333,https://www.bas.ac.uk/project/meteorology-and-ozone-monitoring/#data,"Surface temperature, humidity, sunshine, pressure, wind speed and direction are largely measured by automated instruments but an observer is needed to estimate the visibility and the amount, type and height of clouds, although automatic instruments are being introduced. All the observations are expressed in a numeric code and sent via geostationary satellites to meteorological centres. "
590,Windy,United Kingdom,-75.55297,-27.44679,https://www.bas.ac.uk/project/meteorology-and-ozone-monitoring/#data,"Surface temperature, humidity, sunshine, pressure, wind speed and direction are largely measured by automated instruments but an observer is needed to estimate the visibility and the amount, type and height of clouds, although automatic instruments are being introduced. All the observations are expressed in a numeric code and sent via geostationary satellites to meteorological centres. "
676,Alexander Tall Tower!,UW,-79.012,170.723,ftp://amrc.ssec.wisc.edu/pub/aws/q1h/,"The Antarctic Meteorological Research Center (AMRC) and Automatic Weather Station (AWS) program are United States Antarctic Program (USAP) sister projects focusing on observational Antarctic meteorological research, providing real-time and archived meteorological data and observations, and supporting a network of automatic weather stations in Antarctica. To find out more about the program, data collected, and other products such as satellite imagery and maps, visit https://amrc.ssec.wisc.edu/."
623,Austin,UW,-75.995,-87.47,ftp://amrc.ssec.wisc.edu/pub/aws/q1h/,"The Antarctic Meteorological Research Center (AMRC) and Automatic Weather Station (AWS) program are United States Antarctic Program (USAP) sister projects focusing on observational Antarctic meteorological research, providing real-time and archived meteorological data and observations, and supporting a network of automatic weather stations in Antarctica. To find out more about the program, data collected, and other products such as satellite imagery and maps, visit https://amrc.ssec.wisc.edu/."
394,Bear Peninsula,UW,-74.546,-111.885,ftp://amrc.ssec.wisc.edu/pub/aws/q1h/,"The Antarctic Meteorological Research Center (AMRC) and Automatic Weather Station (AWS) program are United States Antarctic Program (USAP) sister projects focusing on observational Antarctic meteorological research, providing real-time and archived meteorological data and observations, and supporting a network of automatic weather stations in Antarctica. To find out more about the program, data collected, and other products such as satellite imagery and maps, visit https://amrc.ssec.wisc.edu/."
344,Bonaparte Point,UW,-64.778,-64.067,ftp://amrc.ssec.wisc.edu/pub/aws/q1h/,"The Antarctic Meteorological Research Center (AMRC) and Automatic Weather Station (AWS) program are United States Antarctic Program (USAP) sister projects focusing on observational Antarctic meteorological research, providing real-time and archived meteorological data and observations, and supporting a network of automatic weather stations in Antarctica. To find out more about the program, data collected, and other products such as satellite imagery and maps, visit https://amrc.ssec.wisc.edu/."
667,Cape Bird,UW,-77.217,166.439,ftp://amrc.ssec.wisc.edu/pub/aws/q1h/,"The Antarctic Meteorological Research Center (AMRC) and Automatic Weather Station (AWS) program are United States Antarctic Program (USAP) sister projects focusing on observational Antarctic meteorological research, providing real-time and archived meteorological data and observations, and supporting a network of automatic weather stations in Antarctica. To find out more about the program, data collected, and other products such as satellite imagery and maps, visit https://amrc.ssec.wisc.edu/."
625,Cape Hallett,UW,-72.19,170.16,ftp://amrc.ssec.wisc.edu/pub/aws/q1h/,"The Antarctic Meteorological Research Center (AMRC) and Automatic Weather Station (AWS) program are United States Antarctic Program (USAP) sister projects focusing on observational Antarctic meteorological research, providing real-time and archived meteorological data and observations, and supporting a network of automatic weather stations in Antarctica. To find out more about the program, data collected, and other products such as satellite imagery and maps, visit https://amrc.ssec.wisc.edu/."
632,Elaine,UW,-83.094,174.285,ftp://amrc.ssec.wisc.edu/pub/aws/q1h/,"The Antarctic Meteorological Research Center (AMRC) and Automatic Weather Station (AWS) program are United States Antarctic Program (USAP) sister projects focusing on observational Antarctic meteorological research, providing real-time and archived meteorological data and observations, and supporting a network of automatic weather stations in Antarctica. To find out more about the program, data collected, and other products such as satellite imagery and maps, visit https://amrc.ssec.wisc.edu/."
610,Elizabeth,UW,-82.607,-137.078,ftp://amrc.ssec.wisc.edu/pub/aws/q1h/,"The Antarctic Meteorological Research Center (AMRC) and Automatic Weather Station (AWS) program are United States Antarctic Program (USAP) sister projects focusing on observational Antarctic meteorological research, providing real-time and archived meteorological data and observations, and supporting a network of automatic weather stations in Antarctica. To find out more about the program, data collected, and other products such as satellite imagery and maps, visit https://amrc.ssec.wisc.edu/."
627,Emilia,UW,-78.426,173.186,ftp://amrc.ssec.wisc.edu/pub/aws/q1h/,"The Antarctic Meteorological Research Center (AMRC) and Automatic Weather Station (AWS) program are United States Antarctic Program (USAP) sister projects focusing on observational Antarctic meteorological research, providing real-time and archived meteorological data and observations, and supporting a network of automatic weather stations in Antarctica. To find out more about the program, data collected, and other products such as satellite imagery and maps, visit https://amrc.ssec.wisc.edu/."
679,Emma,UW,-83.997,-175.047,ftp://amrc.ssec.wisc.edu/pub/aws/q1h/,"The Antarctic Meteorological Research Center (AMRC) and Automatic Weather Station (AWS) program are United States Antarctic Program (USAP) sister projects focusing on observational Antarctic meteorological research, providing real-time and archived meteorological data and observations, and supporting a network of automatic weather stations in Antarctica. To find out more about the program, data collected, and other products such as satellite imagery and maps, visit https://amrc.ssec.wisc.edu/."
635,Erin,UW,-84.902,-128.86,ftp://amrc.ssec.wisc.edu/pub/aws/q1h/,"The Antarctic Meteorological Research Center (AMRC) and Automatic Weather Station (AWS) program are United States Antarctic Program (USAP) sister projects focusing on observational Antarctic meteorological research, providing real-time and archived meteorological data and observations, and supporting a network of automatic weather stations in Antarctica. To find out more about the program, data collected, and other products such as satellite imagery and maps, visit https://amrc.ssec.wisc.edu/."
636,Evans Knoll,UW,-74.85,-100.404,ftp://amrc.ssec.wisc.edu/pub/aws/q1h/,"The Antarctic Meteorological Research Center (AMRC) and Automatic Weather Station (AWS) program are United States Antarctic Program (USAP) sister projects focusing on observational Antarctic meteorological research, providing real-time and archived meteorological data and observations, and supporting a network of automatic weather stations in Antarctica. To find out more about the program, data collected, and other products such as satellite imagery and maps, visit https://amrc.ssec.wisc.edu/."
629,Ferrell,UW,-77.803,170.817,ftp://amrc.ssec.wisc.edu/pub/aws/q1h/,"The Antarctic Meteorological Research Center (AMRC) and Automatic Weather Station (AWS) program are United States Antarctic Program (USAP) sister projects focusing on observational Antarctic meteorological research, providing real-time and archived meteorological data and observations, and supporting a network of automatic weather stations in Antarctica. To find out more about the program, data collected, and other products such as satellite imagery and maps, visit https://amrc.ssec.wisc.edu/."
638,Harry,UW,-83.005,-121.407,ftp://amrc.ssec.wisc.edu/pub/aws/q1h/,"The Antarctic Meteorological Research Center (AMRC) and Automatic Weather Station (AWS) program are United States Antarctic Program (USAP) sister projects focusing on observational Antarctic meteorological research, providing real-time and archived meteorological data and observations, and supporting a network of automatic weather stations in Antarctica. To find out more about the program, data collected, and other products such as satellite imagery and maps, visit https://amrc.ssec.wisc.edu/."
401,Janet,UW,-77.174,-123.39,ftp://amrc.ssec.wisc.edu/pub/aws/q1h/,"The Antarctic Meteorological Research Center (AMRC) and Automatic Weather Station (AWS) program are United States Antarctic Program (USAP) sister projects focusing on observational Antarctic meteorological research, providing real-time and archived meteorological data and observations, and supporting a network of automatic weather stations in Antarctica. To find out more about the program, data collected, and other products such as satellite imagery and maps, visit https://amrc.ssec.wisc.edu/."
624,Kathie,UW,-77.995,-97.268,ftp://amrc.ssec.wisc.edu/pub/aws/q1h/,"The Antarctic Meteorological Research Center (AMRC) and Automatic Weather Station (AWS) program are United States Antarctic Program (USAP) sister projects focusing on observational Antarctic meteorological research, providing real-time and archived meteorological data and observations, and supporting a network of automatic weather stations in Antarctica. To find out more about the program, data collected, and other products such as satellite imagery and maps, visit https://amrc.ssec.wisc.edu/."
608,Kominko-Slade (WAIS),UW,-79.46587378,-112.1062494,ftp://amrc.ssec.wisc.edu/pub/aws/q1h/,"The Antarctic Meteorological Research Center (AMRC) and Automatic Weather Station (AWS) program are United States Antarctic Program (USAP) sister projects focusing on observational Antarctic meteorological research, providing real-time and archived meteorological data and observations, and supporting a network of automatic weather stations in Antarctica. To find out more about the program, data collected, and other products such as satellite imagery and maps, visit https://amrc.ssec.wisc.edu/."
670,Laurie II,UW,-77.439,170.75,ftp://amrc.ssec.wisc.edu/pub/aws/q1h/,"The Antarctic Meteorological Research Center (AMRC) and Automatic Weather Station (AWS) program are United States Antarctic Program (USAP) sister projects focusing on observational Antarctic meteorological research, providing real-time and archived meteorological data and observations, and supporting a network of automatic weather stations in Antarctica. To find out more about the program, data collected, and other products such as satellite imagery and maps, visit https://amrc.ssec.wisc.edu/."
397,Lettau,UW,-82.475,-174.587,ftp://amrc.ssec.wisc.edu/pub/aws/q1h/,"The Antarctic Meteorological Research Center (AMRC) and Automatic Weather Station (AWS) program are United States Antarctic Program (USAP) sister projects focusing on observational Antarctic meteorological research, providing real-time and archived meteorological data and observations, and supporting a network of automatic weather stations in Antarctica. To find out more about the program, data collected, and other products such as satellite imagery and maps, visit https://amrc.ssec.wisc.edu/."
680,Linda,UW,-78.394,168.446,ftp://amrc.ssec.wisc.edu/pub/aws/q1h/,"The Antarctic Meteorological Research Center (AMRC) and Automatic Weather Station (AWS) program are United States Antarctic Program (USAP) sister projects focusing on observational Antarctic meteorological research, providing real-time and archived meteorological data and observations, and supporting a network of automatic weather stations in Antarctica. To find out more about the program, data collected, and other products such as satellite imagery and maps, visit https://amrc.ssec.wisc.edu/."
673,Lorne,UW,-78.195,170.028,ftp://amrc.ssec.wisc.edu/pub/aws/q1h/,"The Antarctic Meteorological Research Center (AMRC) and Automatic Weather Station (AWS) program are United States Antarctic Program (USAP) sister projects focusing on observational Antarctic meteorological research, providing real-time and archived meteorological data and observations, and supporting a network of automatic weather stations in Antarctica. To find out more about the program, data collected, and other products such as satellite imagery and maps, visit https://amrc.ssec.wisc.edu/."
665,Marble Point,UW,-77.439,163.754,ftp://amrc.ssec.wisc.edu/pub/aws/q1h/,"The Antarctic Meteorological Research Center (AMRC) and Automatic Weather Station (AWS) program are United States Antarctic Program (USAP) sister projects focusing on observational Antarctic meteorological research, providing real-time and archived meteorological data and observations, and supporting a network of automatic weather stations in Antarctica. To find out more about the program, data collected, and other products such as satellite imagery and maps, visit https://amrc.ssec.wisc.edu/."
666,Marble Point II,UW,-77.439,163.759,ftp://amrc.ssec.wisc.edu/pub/aws/q1h/,"The Antarctic Meteorological Research Center (AMRC) and Automatic Weather Station (AWS) program are United States Antarctic Program (USAP) sister projects focusing on observational Antarctic meteorological research, providing real-time and archived meteorological data and observations, and supporting a network of automatic weather stations in Antarctica. To find out more about the program, data collected, and other products such as satellite imagery and maps, visit https://amrc.ssec.wisc.edu/."
669,Minna Bluff,UW,-78.555,166.691,ftp://amrc.ssec.wisc.edu/pub/aws/q1h/,"The Antarctic Meteorological Research Center (AMRC) and Automatic Weather Station (AWS) program are United States Antarctic Program (USAP) sister projects focusing on observational Antarctic meteorological research, providing real-time and archived meteorological data and observations, and supporting a network of automatic weather stations in Antarctica. To find out more about the program, data collected, and other products such as satellite imagery and maps, visit https://amrc.ssec.wisc.edu/."
606,Nico,UW,-89,90.024,ftp://amrc.ssec.wisc.edu/pub/aws/q1h/,"The Antarctic Meteorological Research Center (AMRC) and Automatic Weather Station (AWS) program are United States Antarctic Program (USAP) sister projects focusing on observational Antarctic meteorological research, providing real-time and archived meteorological data and observations, and supporting a network of automatic weather stations in Antarctica. To find out more about the program, data collected, and other products such as satellite imagery and maps, visit https://amrc.ssec.wisc.edu/."
674,Pegasus North,UW,-77.952,166.5,ftp://amrc.ssec.wisc.edu/pub/aws/q1h/,"The Antarctic Meteorological Research Center (AMRC) and Automatic Weather Station (AWS) program are United States Antarctic Program (USAP) sister projects focusing on observational Antarctic meteorological research, providing real-time and archived meteorological data and observations, and supporting a network of automatic weather stations in Antarctica. To find out more about the program, data collected, and other products such as satellite imagery and maps, visit https://amrc.ssec.wisc.edu/."
265,Possession Island,UW,-71.891,171.21,ftp://amrc.ssec.wisc.edu/pub/aws/q1h/,"The Antarctic Meteorological Research Center (AMRC) and Automatic Weather Station (AWS) program are United States Antarctic Program (USAP) sister projects focusing on observational Antarctic meteorological research, providing real-time and archived meteorological data and observations, and supporting a network of automatic weather stations in Antarctica. To find out more about the program, data collected, and other products such as satellite imagery and maps, visit https://amrc.ssec.wisc.edu/."
671,Schwerdtfeger,UW,-79.816,170.358,ftp://amrc.ssec.wisc.edu/pub/aws/q1h/,"The Antarctic Meteorological Research Center (AMRC) and Automatic Weather Station (AWS) program are United States Antarctic Program (USAP) sister projects focusing on observational Antarctic meteorological research, providing real-time and archived meteorological data and observations, and supporting a network of automatic weather stations in Antarctica. To find out more about the program, data collected, and other products such as satellite imagery and maps, visit https://amrc.ssec.wisc.edu/."
640,Siple Dome,UW,-81.652,-148.992,ftp://amrc.ssec.wisc.edu/pub/aws/q1h/,"The Antarctic Meteorological Research Center (AMRC) and Automatic Weather Station (AWS) program are United States Antarctic Program (USAP) sister projects focusing on observational Antarctic meteorological research, providing real-time and archived meteorological data and observations, and supporting a network of automatic weather stations in Antarctica. To find out more about the program, data collected, and other products such as satellite imagery and maps, visit https://amrc.ssec.wisc.edu/."
639,Theresa,UW,-84.602,-115.841,ftp://amrc.ssec.wisc.edu/pub/aws/q1h/,"The Antarctic Meteorological Research Center (AMRC) and Automatic Weather Station (AWS) program are United States Antarctic Program (USAP) sister projects focusing on observational Antarctic meteorological research, providing real-time and archived meteorological data and observations, and supporting a network of automatic weather stations in Antarctica. To find out more about the program, data collected, and other products such as satellite imagery and maps, visit https://amrc.ssec.wisc.edu/."
634,Thurston Island,UW,-72.532,-97.545,ftp://amrc.ssec.wisc.edu/pub/aws/q1h/,"The Antarctic Meteorological Research Center (AMRC) and Automatic Weather Station (AWS) program are United States Antarctic Program (USAP) sister projects focusing on observational Antarctic meteorological research, providing real-time and archived meteorological data and observations, and supporting a network of automatic weather stations in Antarctica. To find out more about the program, data collected, and other products such as satellite imagery and maps, visit https://amrc.ssec.wisc.edu/."
628,Vito,UW,-78.408,177.829,ftp://amrc.ssec.wisc.edu/pub/aws/q1h/,"The Antarctic Meteorological Research Center (AMRC) and Automatic Weather Station (AWS) program are United States Antarctic Program (USAP) sister projects focusing on observational Antarctic meteorological research, providing real-time and archived meteorological data and observations, and supporting a network of automatic weather stations in Antarctica. To find out more about the program, data collected, and other products such as satellite imagery and maps, visit https://amrc.ssec.wisc.edu/."
668,White Island,UW,-78.076,167.451,ftp://amrc.ssec.wisc.edu/pub/aws/q1h/,"The Antarctic Meteorological Research Center (AMRC) and Automatic Weather Station (AWS) program are United States Antarctic Program (USAP) sister projects focusing on observational Antarctic meteorological research, providing real-time and archived meteorological data and observations, and supporting a network of automatic weather stations in Antarctica. To find out more about the program, data collected, and other products such as satellite imagery and maps, visit https://amrc.ssec.wisc.edu/."
404,Whitlock,UW,-76.142,168.394,ftp://amrc.ssec.wisc.edu/pub/aws/q1h/,"The Antarctic Meteorological Research Center (AMRC) and Automatic Weather Station (AWS) program are United States Antarctic Program (USAP) sister projects focusing on observational Antarctic meteorological research, providing real-time and archived meteorological data and observations, and supporting a network of automatic weather stations in Antarctica. To find out more about the program, data collected, and other products such as satellite imagery and maps, visit https://amrc.ssec.wisc.edu/."
672,Willie Field,UW,-77.868,166.921,ftp://amrc.ssec.wisc.edu/pub/aws/q1h/,"The Antarctic Meteorological Research Center (AMRC) and Automatic Weather Station (AWS) program are United States Antarctic Program (USAP) sister projects focusing on observational Antarctic meteorological research, providing real-time and archived meteorological data and observations, and supporting a network of automatic weather stations in Antarctica. To find out more about the program, data collected, and other products such as satellite imagery and maps, visit https://amrc.ssec.wisc.edu/."
675,Windless Bight,UW,-77.728,167.676,ftp://amrc.ssec.wisc.edu/pub/aws/q1h/,"The Antarctic Meteorological Research Center (AMRC) and Automatic Weather Station (AWS) program are United States Antarctic Program (USAP) sister projects focusing on observational Antarctic meteorological research, providing real-time and archived meteorological data and observations, and supporting a network of automatic weather stations in Antarctica. To find out more about the program, data collected, and other products such as satellite imagery and maps, visit https://amrc.ssec.wisc.edu/."
389,Cape Denison,UW/Australia,-67.009,142.664,ftp://amrc.ssec.wisc.edu/pub/aws/q1h/,"The Antarctic Meteorological Research Center (AMRC) and Automatic Weather Station (AWS) program are United States Antarctic Program (USAP) sister projects focusing on observational Antarctic meteorological research, providing real-time and archived meteorological data and observations, and supporting a network of automatic weather stations in Antarctica. To find out more about the program, data collected, and other products such as satellite imagery and maps, visit https://amrc.ssec.wisc.edu/."
240,PANDA-South,UW/China,-82.325,75.989,ftp://amrc.ssec.wisc.edu/pub/aws/q1h/,"The Antarctic Meteorological Research Center (AMRC) and Automatic Weather Station (AWS) program are United States Antarctic Program (USAP) sister projects focusing on observational Antarctic meteorological research, providing real-time and archived meteorological data and observations, and supporting a network of automatic weather stations in Antarctica. To find out more about the program, data collected, and other products such as satellite imagery and maps, visit https://amrc.ssec.wisc.edu/."
681,D-47,UW/France,-67.385,138.729,ftp://amrc.ssec.wisc.edu/pub/aws/q1h/,"The Antarctic Meteorological Research Center (AMRC) and Automatic Weather Station (AWS) program are United States Antarctic Program (USAP) sister projects focusing on observational Antarctic meteorological research, providing real-time and archived meteorological data and observations, and supporting a network of automatic weather stations in Antarctica. To find out more about the program, data collected, and other products such as satellite imagery and maps, visit https://amrc.ssec.wisc.edu/."
677,D-85,UW/France,-70.426,134.149,ftp://amrc.ssec.wisc.edu/pub/aws/q1h/,"The Antarctic Meteorological Research Center (AMRC) and Automatic Weather Station (AWS) program are United States Antarctic Program (USAP) sister projects focusing on observational Antarctic meteorological research, providing real-time and archived meteorological data and observations, and supporting a network of automatic weather stations in Antarctica. To find out more about the program, data collected, and other products such as satellite imagery and maps, visit https://amrc.ssec.wisc.edu/."
619,Dome C II,UW/France,-75.106,123.346,ftp://amrc.ssec.wisc.edu/pub/aws/q1h/,"The Antarctic Meteorological Research Center (AMRC) and Automatic Weather Station (AWS) program are United States Antarctic Program (USAP) sister projects focusing on observational Antarctic meteorological research, providing real-time and archived meteorological data and observations, and supporting a network of automatic weather stations in Antarctica. To find out more about the program, data collected, and other products such as satellite imagery and maps, visit https://amrc.ssec.wisc.edu/."
648,Port Martin,UW/France,-66.82,141.39,ftp://amrc.ssec.wisc.edu/pub/aws/q1h/,"The Antarctic Meteorological Research Center (AMRC) and Automatic Weather Station (AWS) program are United States Antarctic Program (USAP) sister projects focusing on observational Antarctic meteorological research, providing real-time and archived meteorological data and observations, and supporting a network of automatic weather stations in Antarctica. To find out more about the program, data collected, and other products such as satellite imagery and maps, visit https://amrc.ssec.wisc.edu/."
349,Dome F (Fuji),UW/Japan,-77.31,39.7,ftp://amrc.ssec.wisc.edu/pub/aws/q1h/,"The Antarctic Meteorological Research Center (AMRC) and Automatic Weather Station (AWS) program are United States Antarctic Program (USAP) sister projects focusing on observational Antarctic meteorological research, providing real-time and archived meteorological data and observations, and supporting a network of automatic weather stations in Antarctica. To find out more about the program, data collected, and other products such as satellite imagery and maps, visit https://amrc.ssec.wisc.edu/."
132,JASE2007,UW/Japan,-75.888,25.834,ftp://amrc.ssec.wisc.edu/pub/aws/q1h/,"The Antarctic Meteorological Research Center (AMRC) and Automatic Weather Station (AWS) program are United States Antarctic Program (USAP) sister projects focusing on observational Antarctic meteorological research, providing real-time and archived meteorological data and observations, and supporting a network of automatic weather stations in Antarctica. To find out more about the program, data collected, and other products such as satellite imagery and maps, visit https://amrc.ssec.wisc.edu/."
218,Mizuho,UW/Japan,-70.7,44.29,ftp://amrc.ssec.wisc.edu/pub/aws/q1h/,"The Antarctic Meteorological Research Center (AMRC) and Automatic Weather Station (AWS) program are United States Antarctic Program (USAP) sister projects focusing on observational Antarctic meteorological research, providing real-time and archived meteorological data and observations, and supporting a network of automatic weather stations in Antarctica. To find out more about the program, data collected, and other products such as satellite imagery and maps, visit https://amrc.ssec.wisc.edu/."
376,Relay Station,UW/Japan,-74.017,43.062,ftp://amrc.ssec.wisc.edu/pub/aws/q1h/,"The Antarctic Meteorological Research Center (AMRC) and Automatic Weather Station (AWS) program are United States Antarctic Program (USAP) sister projects focusing on observational Antarctic meteorological research, providing real-time and archived meteorological data and observations, and supporting a network of automatic weather stations in Antarctica. To find out more about the program, data collected, and other products such as satellite imagery and maps, visit https://amrc.ssec.wisc.edu/."
584,Baldrick,UW/UK,-82.774,-13.054,ftp://amrc.ssec.wisc.edu/pub/aws/q1h/,"The Antarctic Meteorological Research Center (AMRC) and Automatic Weather Station (AWS) program are United States Antarctic Program (USAP) sister projects focusing on observational Antarctic meteorological research, providing real-time and archived meteorological data and observations, and supporting a network of automatic weather stations in Antarctica. To find out more about the program, data collected, and other products such as satellite imagery and maps, visit https://amrc.ssec.wisc.edu/."
576,Dismal Island,UW/UK,-68.087,-68.825,ftp://amrc.ssec.wisc.edu/pub/aws/q1h/,"The Antarctic Meteorological Research Center (AMRC) and Automatic Weather Station (AWS) program are United States Antarctic Program (USAP) sister projects focusing on observational Antarctic meteorological research, providing real-time and archived meteorological data and observations, and supporting a network of automatic weather stations in Antarctica. To find out more about the program, data collected, and other products such as satellite imagery and maps, visit https://amrc.ssec.wisc.edu/."